<?xml version="1.0" encoding="UTF-8"?>
<!DOCTYPE generatorConfiguration
        PUBLIC "-//mybatis.org//DTD MyBatis Generator Configuration 1.0//EN"
        "http://mybatis.org/dtd/mybatis-generator-config_1_0.dtd">
<generatorConfiguration>
    <!--导入属性配置 -->
    <properties resource="mybatis/generator.properties"></properties>

    <!--指定特定数据库的jdbc驱动jar包的位置 -->
    <classPathEntry location="${jdbc.driverLocation}"/>

    <context id="default" targetRuntime="MyBatis3">


        <!-- optional，旨在创建class时，对注释进行控制 -->
        <commentGenerator>
            <property name="suppressDate" value="true" />
        </commentGenerator>


        <!--jdbc的数据库连接 -->
        <jdbcConnection driverClass="${jdbc.driverClassName}" connectionURL="${jdbc.url}" userId="${jdbc.username}" password="${jdbc.password}">
        </jdbcConnection>



        <javaTypeResolver >
            <property name="forceBigDecimals" value="false" />
        </javaTypeResolver>


        <javaModelGenerator targetPackage="com.zeusjava.kernel.entity" targetProject="src/main/java">
            <!-- 是否对model添加 构造函数 -->
            <property name="constructorBased" value="true"/>

            <!-- 是否允许子包，即targetPackage.schemaName.tableName -->
            <property name="enableSubPackages" value="false"/>

            <!-- 建立的Model对象是否 不可改变  即生成的Model对象不会有 setter方法，只有构造方法 -->
            <property name="immutable" value="true"/>

            <!-- 给Model添加一个父类 -->
            <!-- 是否对类CHAR类型的列的数据进行trim操作 -->
            <property name="trimStrings" value="true"/>
        </javaModelGenerator>

        <!--Mapper映射文件生成所在的目录 为每一个数据库的表生成对应的SqlMap文件 -->
        <sqlMapGenerator targetPackage="com.zeusjava.kernel.mapper" targetProject="src/main/resources">
            <property name="enableSubPackages" value="false"/>
        </sqlMapGenerator>

        <javaClientGenerator targetPackage="com.zeusjava.kernel.mapper" targetProject="src/main/java" type="MIXEDMAPPER">
            <property name="enableSubPackages" value=""/>
            <!--
                    定义Maper.java 源代码中的ByExample() 方法的可视性，可选的值有：
                    public;
                    private;
                    protected;
                    default
                    注意：如果 targetRuntime="MyBatis3",此参数被忽略
             -->
            <property name="exampleMethodVisibility" value=""/>
            <!--
                                           方法名计数器
              Important note: this property is ignored if the target runtime is MyBatis3.
             -->
            <property name="methodNameCalculator" value=""/>

            <!--
                                                为生成的接口添加父接口
             -->
            <property name="rootInterface" value=""/>

        </javaClientGenerator>

        <table tableName="user"
               domainObjectName="User"
               enableCountByExample="false"
               enableUpdateByExample="false"
               enableDeleteByExample="false"
               enableSelectByExample="false"
               selectByExampleQueryId="false">

        </table>
    </context>
</generatorConfiguration>