<?xml version="1.0" encoding="UTF-8"?>
<beans xmlns="http://www.springframework.org/schema/beans"
	   xmlns:xsi="http://www.w3.org/2001/XMLSchema-instance"
	   xmlns:p="http://www.springframework.org/schema/p"
	   xmlns:tx="http://www.springframework.org/schema/tx"
	   xmlns:context="http://www.springframework.org/schema/context"
	   xsi:schemaLocation="http://www.springframework.org/schema/beans
    http://www.springframework.org/schema/beans/spring-beans-3.0.xsd
    http://www.springframework.org/schema/tx
    http://www.springframework.org/schema/tx/spring-tx-3.0.xsd
    http://www.springframework.org/schema/context
    http://www.springframework.org/schema/context/spring-context-3.0.xsd">
	<!-- enable component scanning -->
	<context:component-scan base-package="com.zeusjava" />

	<!-- enable autowire -->
	<context:annotation-config />

	<!-- enable transaction demarcation with annotations -->
	<tx:annotation-driven />

	<!-- 读取mysql jdbc的配置-->
	<bean id="propertyConfigurer" class="org.springframework.beans.factory.config.PropertyPlaceholderConfigurer">
		<property name="location" value="classpath:jdbc.properties" />
	</bean>
	<!-- 配置数据源，从上面配置文件读取-->
	<!-- 数据源 -->
	<bean id="dataSource" class="org.apache.commons.dbcp.BasicDataSource">
		<property name="driverClassName" value="${jdbc.driverClassName}" />
		<property name="url" value="${jdbc.url}" />
		<property name="username" value="${jdbc.username}" />
		<property name="password" value="${jdbc.password}" />
	</bean>

	<bean id="sqlSessionFactory" class="org.mybatis.spring.SqlSessionFactoryBean">
		<property name="dataSource" ref="dataSource"/>
		<!-- 配置扫描Domain的包路径 -->
		<property name="typeAliasesPackage" value="com.zeusjava.kernel.entity"/>
		<!-- 配置mybatis配置文件的位置 -->
		<property name="configLocation" value="classpath:mybatis/mybatis-config.xml"/>
		<!-- 配置扫描Mapper XML的位置 -->
		<!--<property name="mapperLocations" value="classpath:com/zeusjava/kernel/mapper/*Mapper.xml"/>-->
		<property name="mapperLocations">
			<array>
				<value>classpath:mybatis/mapper/*.xml</value>
			</array>
		</property>
	</bean>

	<!-- 配置扫描Mapper接口的包路径 -->
	<bean class="org.mybatis.spring.mapper.MapperScannerConfigurer">
		<property name="basePackage" value="com.zeusjava.kernel.mapper"/>
		<property name="sqlSessionFactoryBeanName" value="sqlSessionFactory"/>
	</bean>

</beans>